id,language,text,defense,motivation,meta_json
1,en,Please not now—let's revisit the declined invite later when things settle.,suppression,anger,"{""template_id"": ""supp_defer_v1"", ""scenario"": ""declined_invite"", ""scenario_family"": ""online"", ""style"": ""polite"", ""seed"": 239670711, ""language_name"": ""English""}"
2,en,"Fine, I'll just do something about the awkward silence right now.",acting_out,joy,"{""template_id"": ""act_impulse_v2"", ""scenario"": ""awkward_silence"", ""scenario_family"": ""work"", ""style"": ""conciliatory"", ""seed"": 264805579, ""language_name"": ""English""}"
3,en,You're the one overreacting about the device failure; don't pin this on me. Sure. Great.,projection,joy,"{""template_id"": ""proj_blame_v2"", ""scenario"": ""device_failure"", ""scenario_family"": ""work"", ""style"": ""sarcastic"", ""seed"": 728559004, ""language_name"": ""English""}"
4,en,"If avoiding issues were a sport, I'd be regional champion—kidding.",humor,joy,"{""template_id"": ""hum_quip_v1"", ""scenario"": ""scheduling_conflict"", ""scenario_family"": ""family"", ""style"": ""laconic"", ""seed"": 99345766, ""language_name"": ""English""}"
5,en,"If avoiding issues were a sport, I'd be regional champion—kidding.",humor,trust,"{""template_id"": ""hum_quip_v1"", ""scenario"": ""canceled_plan"", ""scenario_family"": ""family"", ""style"": ""ironic"", ""seed"": 67853535, ""language_name"": ""English""}"
6,en,"Please fine, I'll just do something about the task handoff right now.",acting_out,anger,"{""template_id"": ""act_now_v1"", ""scenario"": ""task_handoff"", ""scenario_family"": ""work"", ""style"": ""polite"", ""seed"": 894912080, ""language_name"": ""English""}"
7,en,It's not really a problem; the meeting overrun is being blown out of proportion.,denial,surprise,"{""template_id"": ""deny_optimism_v2"", ""scenario"": ""meeting_overrun"", ""scenario_family"": ""work"", ""style"": ""ironic"", ""seed"": 618849134, ""language_name"": ""English""}"
8,en,I will file a ticket about the chair instead of arguing about the noisy neighbor.,displacement,sadness,"{""template_id"": ""disp_shift_v2"", ""scenario"": ""noisy_neighbor"", ""scenario_family"": ""family"", ""style"": ""formal"", ""seed"": 802249514, ""language_name"": ""English""}"
9,en,I'll file a ticket about the chair instead of arguing about the policy change.,displacement,fear,"{""template_id"": ""disp_shift_v2"", ""scenario"": ""policy_change"", ""scenario_family"": ""work"", ""style"": ""ironic"", ""seed"": 644535277, ""language_name"": ""English""}"
10,en,It's not really a problem; the long queue is being blown out of proportion.,denial,joy,"{""template_id"": ""deny_optimism_v2"", ""scenario"": ""long_queue"", ""scenario_family"": ""online"", ""style"": ""neutral"", ""seed"": 229307482, ""language_name"": ""English""}"
11,en,You're the one overreacting about the task handoff.,projection,anger,"{""template_id"": ""proj_blame_v2"", ""scenario"": ""task_handoff"", ""scenario_family"": ""work"", ""style"": ""laconic"", ""seed"": 292318608, ""language_name"": ""English""}"
12,en,"I mean, it happened because the timing wasn't right; supervisor feedback just made it inevitable.",rationalization,joy,"{""template_id"": ""ratio_causal_v1"", ""scenario"": ""supervisor_feedback"", ""scenario_family"": ""work"", ""style"": ""formal"", ""seed"": 468920636, ""language_name"": ""English""}"
13,en,"Fine, I'll just do something about the exam disappoint right now.",acting_out,fear,"{""template_id"": ""act_impulse_v2"", ""scenario"": ""exam_disappoint"", ""scenario_family"": ""school"", ""style"": ""laconic"", ""seed"": 5784439, ""language_name"": ""English""}"
14,en,"Statistically, events like the public criticism fall within expected variance.",intellectualization,disgust,"{""template_id"": ""intel_abstraction_v2"", ""scenario"": ""public_criticism"", ""scenario_family"": ""online"", ""style"": ""conciliatory"", ""seed"": 815041008, ""language_name"": ""English""}"
15,en,I'll channel this energy from the ambiguous email into fixing the process.,sublimation,fear,"{""template_id"": ""sub_goal_v2"", ""scenario"": ""ambiguous_email"", ""scenario_family"": ""school"", ""style"": ""matter_of_fact"", ""seed"": 78602622, ""language_name"": ""English""}"
16,en,It's not really a problem; the task handoff is being blown out of proportion. Sure. Great.,denial,trust,"{""template_id"": ""deny_optimism_v2"", ""scenario"": ""task_handoff"", ""scenario_family"": ""work"", ""style"": ""sarcastic"", ""seed"": 205418709, ""language_name"": ""English""}"
17,en,It's not really a problem.,denial,disgust,"{""template_id"": ""deny_minimize_v1"", ""scenario"": ""overlooked_contrib"", ""scenario_family"": ""work"", ""style"": ""laconic"", ""seed"": 386213453, ""language_name"": ""English""}"
18,en,"If avoiding issues were a sport, I'd be regional champion—kidding. Sure. Great.",humor,surprise,"{""template_id"": ""hum_quip_v1"", ""scenario"": ""overlooked_contrib"", ""scenario_family"": ""work"", ""style"": ""sarcastic"", ""seed"": 140136518, ""language_name"": ""English""}"
19,en,"I mean, it happened because the timing wasn't right; exam disappoint just made it inevitable.",rationalization,surprise,"{""template_id"": ""ratio_plausible_v2"", ""scenario"": ""exam_disappoint"", ""scenario_family"": ""school"", ""style"": ""neutral"", ""seed"": 409500119, ""language_name"": ""English""}"
20,en,Please it's not really a problem; the rumor heard is being blown out of proportion.,denial,joy,"{""template_id"": ""deny_optimism_v2"", ""scenario"": ""rumor_heard"", ""scenario_family"": ""school"", ""style"": ""polite"", ""seed"": 413772313, ""language_name"": ""English""}"
21,en,"I mean, it happened because the timing wasn't right; travel delay just made it inevitable. Honestly, I do this a lot.",rationalization,fear,"{""template_id"": ""ratio_causal_v1"", ""scenario"": ""travel_delay"", ""scenario_family"": ""online"", ""style"": ""self_deprecating"", ""seed"": 423318304, ""language_name"": ""English""}"
22,en,"Not now—let's revisit the roommate mess later when things settle. Honestly, I do this a lot.",suppression,fear,"{""template_id"": ""supp_park_v2"", ""scenario"": ""roommate_mess"", ""scenario_family"": ""family"", ""style"": ""self_deprecating"", ""seed"": 478969517, ""language_name"": ""English""}"
23,en,"Statistically, events like the overlooked contrib fall within expected variance.",intellectualization,trust,"{""template_id"": ""intel_abstraction_v2"", ""scenario"": ""overlooked_contrib"", ""scenario_family"": ""work"", ""style"": ""neutral"", ""seed"": 911678327, ""language_name"": ""English""}"
24,en,I'll file a ticket about the chair instead of arguing about the lost item.,displacement,surprise,"{""template_id"": ""disp_shift_v2"", ""scenario"": ""lost_item"", ""scenario_family"": ""online"", ""style"": ""neutral"", ""seed"": 788224262, ""language_name"": ""English""}"
25,en,"Not now—let's revisit the public criticism later when things settle. Honestly, I do this a lot.",suppression,fear,"{""template_id"": ""supp_park_v2"", ""scenario"": ""public_criticism"", ""scenario_family"": ""online"", ""style"": ""self_deprecating"", ""seed"": 78934199, ""language_name"": ""English""}"
26,en,"I mean, it happened because the timing wasn't right; scheduling conflict just made it inevitable.",rationalization,disgust,"{""template_id"": ""ratio_causal_v1"", ""scenario"": ""scheduling_conflict"", ""scenario_family"": ""family"", ""style"": ""curt"", ""seed"": 443733433, ""language_name"": ""English""}"
27,en,It's not really a problem; the ambiguous email is being blown out of proportion.,denial,fear,"{""template_id"": ""deny_minimize_v1"", ""scenario"": ""ambiguous_email"", ""scenario_family"": ""school"", ""style"": ""ironic"", ""seed"": 384756554, ""language_name"": ""English""}"
28,en,I'll file a ticket about the chair instead of arguing about the exam disappoint.,displacement,anger,"{""template_id"": ""disp_proxy_v1"", ""scenario"": ""exam_disappoint"", ""scenario_family"": ""school"", ""style"": ""curt"", ""seed"": 534675572, ""language_name"": ""English""}"
29,en,"If avoiding issues were a sport, I'd be regional champion—kidding.",humor,sadness,"{""template_id"": ""hum_irony_v2"", ""scenario"": ""unfair_rule"", ""scenario_family"": ""online"", ""style"": ""conciliatory"", ""seed"": 812989994, ""language_name"": ""English""}"
30,en,You're the one overreacting about the missed deadline.,projection,surprise,"{""template_id"": ""proj_accuse_v1"", ""scenario"": ""missed_deadline"", ""scenario_family"": ""work"", ""style"": ""laconic"", ""seed"": 676874648, ""language_name"": ""English""}"
31,en,Please it's not really a problem; the declined invite is being blown out of proportion.,denial,trust,"{""template_id"": ""deny_optimism_v2"", ""scenario"": ""declined_invite"", ""scenario_family"": ""online"", ""style"": ""polite"", ""seed"": 531300055, ""language_name"": ""English""}"
32,en,"Statistically, events like the noisy neighbor fall within expected variance.",intellectualization,anger,"{""template_id"": ""intel_abstraction_v2"", ""scenario"": ""noisy_neighbor"", ""scenario_family"": ""family"", ""style"": ""formal"", ""seed"": 804922567, ""language_name"": ""English""}"
33,en,You're the one overreacting about the scheduling conflict; don't pin this on me.,projection,anger,"{""template_id"": ""proj_accuse_v1"", ""scenario"": ""scheduling_conflict"", ""scenario_family"": ""family"", ""style"": ""conciliatory"", ""seed"": 741956704, ""language_name"": ""English""}"
34,en,"Sure, I'll handle the canceled plan—eventually.",passive_aggression,trust,"{""template_id"": ""pa_delay_v1"", ""scenario"": ""canceled_plan"", ""scenario_family"": ""family"", ""style"": ""matter_of_fact"", ""seed"": 423031899, ""language_name"": ""English""}"
35,en,"Fine, I'll just do something about the supervisor feedback right now.",acting_out,joy,"{""template_id"": ""act_impulse_v2"", ""scenario"": ""supervisor_feedback"", ""scenario_family"": ""work"", ""style"": ""matter_of_fact"", ""seed"": 828894122, ""language_name"": ""English""}"
36,en,I'll file a ticket about the chair instead of arguing about the supervisor feedback. Sure. Great.,displacement,trust,"{""template_id"": ""disp_proxy_v1"", ""scenario"": ""supervisor_feedback"", ""scenario_family"": ""work"", ""style"": ""sarcastic"", ""seed"": 303195437, ""language_name"": ""English""}"
37,en,Please you're the one overreacting about the long queue; don't pin this on me.,projection,disgust,"{""template_id"": ""proj_accuse_v1"", ""scenario"": ""long_queue"", ""scenario_family"": ""online"", ""style"": ""polite"", ""seed"": 622612352, ""language_name"": ""English""}"
38,en,I'll file a ticket about the chair instead of arguing about the supervisor feedback.,displacement,surprise,"{""template_id"": ""disp_shift_v2"", ""scenario"": ""supervisor_feedback"", ""scenario_family"": ""work"", ""style"": ""ironic"", ""seed"": 741382664, ""language_name"": ""English""}"
39,en,You're the one overreacting about the unfair rule; don't pin this on me.,projection,joy,"{""template_id"": ""proj_blame_v2"", ""scenario"": ""unfair_rule"", ""scenario_family"": ""online"", ""style"": ""neutral"", ""seed"": 955154244, ""language_name"": ""English""}"
40,en,It's not really a problem; the device failure is being blown out of proportion.,denial,sadness,"{""template_id"": ""deny_minimize_v1"", ""scenario"": ""device_failure"", ""scenario_family"": ""work"", ""style"": ""conciliatory"", ""seed"": 335038874, ""language_name"": ""English""}"
41,en,"Statistically, events like the teammate slacks fall within expected variance.",intellectualization,anger,"{""template_id"": ""intel_abstraction_v2"", ""scenario"": ""teammate_slacks"", ""scenario_family"": ""work"", ""style"": ""laconic"", ""seed"": 233257599, ""language_name"": ""English""}"
42,en,It is not really a problem; the scheduling conflict is being blown out of proportion.,denial,anticipation,"{""template_id"": ""deny_minimize_v1"", ""scenario"": ""scheduling_conflict"", ""scenario_family"": ""family"", ""style"": ""formal"", ""seed"": 261218146, ""language_name"": ""English""}"
43,en,"Sure, I'll handle the exam disappoint—eventually.",passive_aggression,anger,"{""template_id"": ""pa_sarcasm_v2"", ""scenario"": ""exam_disappoint"", ""scenario_family"": ""school"", ""style"": ""curt"", ""seed"": 21178017, ""language_name"": ""English""}"
44,en,"Not now—let's revisit the noisy neighbor later when things settle. Honestly, I do this a lot.",suppression,surprise,"{""template_id"": ""supp_park_v2"", ""scenario"": ""noisy_neighbor"", ""scenario_family"": ""family"", ""style"": ""self_deprecating"", ""seed"": 301076799, ""language_name"": ""English""}"
45,en,It's not really a problem; the vague instructions is being blown out of proportion.,denial,trust,"{""template_id"": ""deny_minimize_v1"", ""scenario"": ""vague_instructions"", ""scenario_family"": ""work"", ""style"": ""conciliatory"", ""seed"": 302088098, ""language_name"": ""English""}"
46,en,I'll file a ticket about the chair instead of arguing about the declined invite.,displacement,disgust,"{""template_id"": ""disp_proxy_v1"", ""scenario"": ""declined_invite"", ""scenario_family"": ""online"", ""style"": ""conciliatory"", ""seed"": 184765756, ""language_name"": ""English""}"
47,en,You're the one overreacting about the overlooked contrib; do not pin this on me.,projection,fear,"{""template_id"": ""proj_blame_v2"", ""scenario"": ""overlooked_contrib"", ""scenario_family"": ""work"", ""style"": ""formal"", ""seed"": 955143598, ""language_name"": ""English""}"
48,en,It is not really a problem; the last minute request is being blown out of proportion.,denial,trust,"{""template_id"": ""deny_optimism_v2"", ""scenario"": ""last_minute_request"", ""scenario_family"": ""work"", ""style"": ""formal"", ""seed"": 952057302, ""language_name"": ""English""}"
49,en,"Fine, I'll just do something about the last minute request right now.",acting_out,anticipation,"{""template_id"": ""act_now_v1"", ""scenario"": ""last_minute_request"", ""scenario_family"": ""work"", ""style"": ""matter_of_fact"", ""seed"": 157041262, ""language_name"": ""English""}"
50,en,"You're the one overreacting about the device failure; don't pin this on me. Honestly, I do this a lot.",projection,sadness,"{""template_id"": ""proj_blame_v2"", ""scenario"": ""device_failure"", ""scenario_family"": ""work"", ""style"": ""self_deprecating"", ""seed"": 191302250, ""language_name"": ""English""}"
51,en,I'll file a ticket about the chair instead of arguing about the unfair rule.,displacement,anger,"{""template_id"": ""disp_shift_v2"", ""scenario"": ""unfair_rule"", ""scenario_family"": ""online"", ""style"": ""conciliatory"", ""seed"": 884205423, ""language_name"": ""English""}"
52,en,"If avoiding issues were a sport, I'd be regional champion—kidding.",humor,surprise,"{""template_id"": ""hum_irony_v2"", ""scenario"": ""last_minute_request"", ""scenario_family"": ""work"", ""style"": ""conciliatory"", ""seed"": 491059115, ""language_name"": ""English""}"
53,en,"Statistically, events like the last minute request fall within expected variance.",intellectualization,joy,"{""template_id"": ""intel_abstraction_v2"", ""scenario"": ""last_minute_request"", ""scenario_family"": ""work"", ""style"": ""formal"", ""seed"": 351650203, ""language_name"": ""English""}"
54,en,"Statistically, events like the long queue fall within expected variance. Sure. Great.",intellectualization,anger,"{""template_id"": ""intel_abstraction_v2"", ""scenario"": ""long_queue"", ""scenario_family"": ""online"", ""style"": ""sarcastic"", ""seed"": 240003465, ""language_name"": ""English""}"
55,en,Not now—let's revisit the long queue later when things settle. Sure. Great.,suppression,disgust,"{""template_id"": ""supp_park_v2"", ""scenario"": ""long_queue"", ""scenario_family"": ""online"", ""style"": ""sarcastic"", ""seed"": 682274432, ""language_name"": ""English""}"
56,en,"Fine, I will just do something about the lost item right now.",acting_out,anger,"{""template_id"": ""act_now_v1"", ""scenario"": ""lost_item"", ""scenario_family"": ""online"", ""style"": ""formal"", ""seed"": 353619623, ""language_name"": ""English""}"
57,en,"Please fine, I'll just do something about the unfair rule right now.",acting_out,sadness,"{""template_id"": ""act_impulse_v2"", ""scenario"": ""unfair_rule"", ""scenario_family"": ""online"", ""style"": ""polite"", ""seed"": 965282204, ""language_name"": ""English""}"
58,en,"Sure, I'll handle the canceled plan—eventually. Honestly, I do this a lot.",passive_aggression,anger,"{""template_id"": ""pa_sarcasm_v2"", ""scenario"": ""canceled_plan"", ""scenario_family"": ""family"", ""style"": ""self_deprecating"", ""seed"": 341730983, ""language_name"": ""English""}"
59,en,"It's not really a problem; the travel delay is being blown out of proportion. Honestly, I do this a lot.",denial,anticipation,"{""template_id"": ""deny_optimism_v2"", ""scenario"": ""travel_delay"", ""scenario_family"": ""online"", ""style"": ""self_deprecating"", ""seed"": 199645063, ""language_name"": ""English""}"
60,en,You're the one overreacting about the policy change; don't pin this on me.,projection,surprise,"{""template_id"": ""proj_accuse_v1"", ""scenario"": ""policy_change"", ""scenario_family"": ""work"", ""style"": ""conciliatory"", ""seed"": 376171048, ""language_name"": ""English""}"
61,en,Not now—let's revisit the rumor heard later when things settle. Sure. Great.,suppression,disgust,"{""template_id"": ""supp_park_v2"", ""scenario"": ""rumor_heard"", ""scenario_family"": ""school"", ""style"": ""sarcastic"", ""seed"": 258451563, ""language_name"": ""English""}"
62,en,"Statistically, events like the meeting overrun fall within expected variance.",intellectualization,disgust,"{""template_id"": ""intel_abstraction_v2"", ""scenario"": ""meeting_overrun"", ""scenario_family"": ""work"", ""style"": ""curt"", ""seed"": 101790831, ""language_name"": ""English""}"
63,en,I'll channel this energy from the public criticism into fixing the process.,sublimation,surprise,"{""template_id"": ""sub_prosocial_v1"", ""scenario"": ""public_criticism"", ""scenario_family"": ""online"", ""style"": ""curt"", ""seed"": 782261104, ""language_name"": ""English""}"
64,en,"Fine, I'll just do something about the exam disappoint right now.",acting_out,anger,"{""template_id"": ""act_impulse_v2"", ""scenario"": ""exam_disappoint"", ""scenario_family"": ""school"", ""style"": ""curt"", ""seed"": 783543841, ""language_name"": ""English""}"
65,en,"Statistically, events like the policy change fall within expected variance.",intellectualization,joy,"{""template_id"": ""intel_stats_v1"", ""scenario"": ""policy_change"", ""scenario_family"": ""work"", ""style"": ""matter_of_fact"", ""seed"": 267305552, ""language_name"": ""English""}"
66,en,"Fine, I'll just do something about the rumor heard right now.",acting_out,joy,"{""template_id"": ""act_now_v1"", ""scenario"": ""rumor_heard"", ""scenario_family"": ""school"", ""style"": ""matter_of_fact"", ""seed"": 206687293, ""language_name"": ""English""}"
67,en,You're the one overreacting about the declined invite; do not pin this on me.,projection,surprise,"{""template_id"": ""proj_accuse_v1"", ""scenario"": ""declined_invite"", ""scenario_family"": ""online"", ""style"": ""formal"", ""seed"": 541787387, ""language_name"": ""English""}"
68,en,It's not really a problem; the teammate slacks is being blown out of proportion.,denial,anticipation,"{""template_id"": ""deny_minimize_v1"", ""scenario"": ""teammate_slacks"", ""scenario_family"": ""work"", ""style"": ""curt"", ""seed"": 319080257, ""language_name"": ""English""}"
69,en,You're the one overreacting about the vague instructions; don't pin this on me.,projection,anger,"{""template_id"": ""proj_accuse_v1"", ""scenario"": ""vague_instructions"", ""scenario_family"": ""work"", ""style"": ""curt"", ""seed"": 897308978, ""language_name"": ""English""}"
70,en,Please it's not really a problem; the ambiguous email is being blown out of proportion.,denial,surprise,"{""template_id"": ""deny_minimize_v1"", ""scenario"": ""ambiguous_email"", ""scenario_family"": ""school"", ""style"": ""polite"", ""seed"": 696447975, ""language_name"": ""English""}"
71,en,Please you're the one overreacting about the device failure; don't pin this on me.,projection,surprise,"{""template_id"": ""proj_accuse_v1"", ""scenario"": ""device_failure"", ""scenario_family"": ""work"", ""style"": ""polite"", ""seed"": 953809279, ""language_name"": ""English""}"
72,en,"If avoiding issues were a sport, I'd be regional champion—kidding. Sure. Great.",humor,disgust,"{""template_id"": ""hum_quip_v1"", ""scenario"": ""ambiguous_email"", ""scenario_family"": ""school"", ""style"": ""sarcastic"", ""seed"": 135543687, ""language_name"": ""English""}"
73,en,"Sure, I'll handle the supervisor feedback—eventually. Sure. Great.",passive_aggression,joy,"{""template_id"": ""pa_delay_v1"", ""scenario"": ""supervisor_feedback"", ""scenario_family"": ""work"", ""style"": ""sarcastic"", ""seed"": 309977196, ""language_name"": ""English""}"
74,en,"If avoiding issues were a sport, I'd be regional champion—kidding.",humor,surprise,"{""template_id"": ""hum_quip_v1"", ""scenario"": ""canceled_plan"", ""scenario_family"": ""family"", ""style"": ""laconic"", ""seed"": 911304506, ""language_name"": ""English""}"
75,en,It's not really a problem.,denial,surprise,"{""template_id"": ""deny_minimize_v1"", ""scenario"": ""exam_disappoint"", ""scenario_family"": ""school"", ""style"": ""laconic"", ""seed"": 363343284, ""language_name"": ""English""}"
76,en,"Statistically, events like the roommate mess fall within expected variance.",intellectualization,joy,"{""template_id"": ""intel_abstraction_v2"", ""scenario"": ""roommate_mess"", ""scenario_family"": ""family"", ""style"": ""conciliatory"", ""seed"": 958927081, ""language_name"": ""English""}"
77,en,"Sure, I'll handle the declined invite—eventually.",passive_aggression,sadness,"{""template_id"": ""pa_sarcasm_v2"", ""scenario"": ""declined_invite"", ""scenario_family"": ""online"", ""style"": ""neutral"", ""seed"": 736269143, ""language_name"": ""English""}"
78,en,"I mean, it happened because the timing wasn't right; canceled plan just made it inevitable.",rationalization,disgust,"{""template_id"": ""ratio_plausible_v2"", ""scenario"": ""canceled_plan"", ""scenario_family"": ""family"", ""style"": ""curt"", ""seed"": 378992559, ""language_name"": ""English""}"
79,en,It's not really a problem; the overlooked contrib is being blown out of proportion.,denial,fear,"{""template_id"": ""deny_minimize_v1"", ""scenario"": ""overlooked_contrib"", ""scenario_family"": ""work"", ""style"": ""ironic"", ""seed"": 901736370, ""language_name"": ""English""}"
80,en,You're the one overreacting about the supervisor feedback; don't pin this on me.,projection,anticipation,"{""template_id"": ""proj_accuse_v1"", ""scenario"": ""supervisor_feedback"", ""scenario_family"": ""work"", ""style"": ""conciliatory"", ""seed"": 957665650, ""language_name"": ""English""}"
81,en,"Sure, I'll handle the public criticism—eventually.",passive_aggression,anticipation,"{""template_id"": ""pa_sarcasm_v2"", ""scenario"": ""public_criticism"", ""scenario_family"": ""online"", ""style"": ""matter_of_fact"", ""seed"": 533015092, ""language_name"": ""English""}"
82,en,"Fine, I'll just do something about the canceled plan right now.",acting_out,sadness,"{""template_id"": ""act_impulse_v2"", ""scenario"": ""canceled_plan"", ""scenario_family"": ""family"", ""style"": ""ironic"", ""seed"": 227332565, ""language_name"": ""English""}"
83,en,"Please fine, I'll just do something about the ambiguous email right now.",acting_out,joy,"{""template_id"": ""act_impulse_v2"", ""scenario"": ""ambiguous_email"", ""scenario_family"": ""school"", ""style"": ""polite"", ""seed"": 199203355, ""language_name"": ""English""}"
84,en,"Statistically, events like the long queue fall within expected variance.",intellectualization,anger,"{""template_id"": ""intel_abstraction_v2"", ""scenario"": ""long_queue"", ""scenario_family"": ""online"", ""style"": ""matter_of_fact"", ""seed"": 176119025, ""language_name"": ""English""}"
85,en,"Fine, I'll just do something about the canceled plan right now.",acting_out,anticipation,"{""template_id"": ""act_impulse_v2"", ""scenario"": ""canceled_plan"", ""scenario_family"": ""family"", ""style"": ""neutral"", ""seed"": 172631354, ""language_name"": ""English""}"
86,en,It's not really a problem; the vague instructions is being blown out of proportion. Sure. Great.,denial,trust,"{""template_id"": ""deny_minimize_v1"", ""scenario"": ""vague_instructions"", ""scenario_family"": ""work"", ""style"": ""sarcastic"", ""seed"": 471426417, ""language_name"": ""English""}"
87,en,"I mean, it happened because the timing wasn't right; declined invite just made it inevitable. Sure. Great.",rationalization,anticipation,"{""template_id"": ""ratio_plausible_v2"", ""scenario"": ""declined_invite"", ""scenario_family"": ""online"", ""style"": ""sarcastic"", ""seed"": 992774289, ""language_name"": ""English""}"
88,en,You're the one overreacting about the last minute request; don't pin this on me.,projection,anticipation,"{""template_id"": ""proj_accuse_v1"", ""scenario"": ""last_minute_request"", ""scenario_family"": ""work"", ""style"": ""matter_of_fact"", ""seed"": 405159347, ""language_name"": ""English""}"
89,en,"Not now—let's revisit the meeting overrun later when things settle. Honestly, I do this a lot.",suppression,trust,"{""template_id"": ""supp_park_v2"", ""scenario"": ""meeting_overrun"", ""scenario_family"": ""work"", ""style"": ""self_deprecating"", ""seed"": 572807806, ""language_name"": ""English""}"
90,en,I'll file a ticket about the chair instead of arguing about the last minute request.,displacement,joy,"{""template_id"": ""disp_shift_v2"", ""scenario"": ""last_minute_request"", ""scenario_family"": ""work"", ""style"": ""neutral"", ""seed"": 603791971, ""language_name"": ""English""}"
91,en,"Please i mean, it happened because the timing wasn't right; canceled plan just made it inevitable.",rationalization,joy,"{""template_id"": ""ratio_causal_v1"", ""scenario"": ""canceled_plan"", ""scenario_family"": ""family"", ""style"": ""polite"", ""seed"": 936129128, ""language_name"": ""English""}"
92,en,"If avoiding issues were a sport, I'd be regional champion—kidding.",humor,disgust,"{""template_id"": ""hum_quip_v1"", ""scenario"": ""scheduling_conflict"", ""scenario_family"": ""family"", ""style"": ""formal"", ""seed"": 34578188, ""language_name"": ""English""}"
93,en,You're the one overreacting about the public criticism; do not pin this on me.,projection,fear,"{""template_id"": ""proj_accuse_v1"", ""scenario"": ""public_criticism"", ""scenario_family"": ""online"", ""style"": ""formal"", ""seed"": 437509258, ""language_name"": ""English""}"
94,en,"Sure, I'll handle the device failure—eventually. Sure. Great.",passive_aggression,trust,"{""template_id"": ""pa_delay_v1"", ""scenario"": ""device_failure"", ""scenario_family"": ""work"", ""style"": ""sarcastic"", ""seed"": 195960452, ""language_name"": ""English""}"
95,en,Not now—let's revisit the supervisor feedback later when things settle.,suppression,anger,"{""template_id"": ""supp_defer_v1"", ""scenario"": ""supervisor_feedback"", ""scenario_family"": ""work"", ""style"": ""matter_of_fact"", ""seed"": 642149291, ""language_name"": ""English""}"
96,en,"Statistically, events like the declined invite fall within expected variance.",intellectualization,trust,"{""template_id"": ""intel_abstraction_v2"", ""scenario"": ""declined_invite"", ""scenario_family"": ""online"", ""style"": ""curt"", ""seed"": 814466278, ""language_name"": ""English""}"
97,en,"Please if avoiding issues were a sport, I'd be regional champion—kidding.",humor,fear,"{""template_id"": ""hum_quip_v1"", ""scenario"": ""canceled_plan"", ""scenario_family"": ""family"", ""style"": ""polite"", ""seed"": 680223374, ""language_name"": ""English""}"
98,en,Please it's not really a problem; the supervisor feedback is being blown out of proportion.,denial,fear,"{""template_id"": ""deny_optimism_v2"", ""scenario"": ""supervisor_feedback"", ""scenario_family"": ""work"", ""style"": ""polite"", ""seed"": 412544982, ""language_name"": ""English""}"
99,en,"Fine, I'll just do something about the awkward silence right now. Honestly, I do this a lot.",acting_out,fear,"{""template_id"": ""act_now_v1"", ""scenario"": ""awkward_silence"", ""scenario_family"": ""work"", ""style"": ""self_deprecating"", ""seed"": 341282572, ""language_name"": ""English""}"
100,en,Not now—let's revisit the policy change later when things settle.,suppression,sadness,"{""template_id"": ""supp_park_v2"", ""scenario"": ""policy_change"", ""scenario_family"": ""work"", ""style"": ""conciliatory"", ""seed"": 214944579, ""language_name"": ""English""}"
101,ko,task handoff로 생긴 에너지를 개선 작업에 쓰자.,sublimation,sadness,"{""template_id"": ""sub_prosocial_v1"", ""scenario"": ""task_handoff"", ""scenario_family"": ""work"", ""style"": ""matter_of_fact"", ""seed"": 832687097, ""language_name"": ""Korean""}"
102,ko,unfair rule 얘기 말고요 의자 문제부터 접수할게.,displacement,fear,"{""template_id"": ""disp_proxy_v1"", ""scenario"": ""unfair_rule"", ""scenario_family"": ""online"", ""style"": ""formal"", ""seed"": 414377741, ""language_name"": ""Korean""}"
103,ko,device failure 가지고 과하게 반응하는 건 너야. 내 탓으로 돌리지 마.,projection,disgust,"{""template_id"": ""proj_accuse_v1"", ""scenario"": ""device_failure"", ""scenario_family"": ""work"", ""style"": ""sarcastic"", ""seed"": 263666973, ""language_name"": ""Korean""}"
104,ko,별일 아니야. task handoff는 과장된 거야.,denial,anticipation,"{""template_id"": ""deny_optimism_v2"", ""scenario"": ""task_handoff"", ""scenario_family"": ""work"", ""style"": ""neutral"", ""seed"": 696151479, ""language_name"": ""Korean""}"
105,ko,별일 아니야. declined invite는 과장된 거야.,denial,disgust,"{""template_id"": ""deny_minimize_v1"", ""scenario"": ""declined_invite"", ""scenario_family"": ""online"", ""style"": ""curt"", ""seed"": 710910445, ""language_name"": ""Korean""}"
106,ko,travel delay 같은 일은 통계적으로 흔해.,intellectualization,fear,"{""template_id"": ""intel_abstraction_v2"", ""scenario"": ""travel_delay"", ""scenario_family"": ""online"", ""style"": ""sarcastic"", ""seed"": 902005296, ""language_name"": ""Korean""}"
107,ko,device failure 얘기 말고 의자 문제부터 접수할게.,displacement,fear,"{""template_id"": ""disp_shift_v2"", ""scenario"": ""device_failure"", ""scenario_family"": ""work"", ""style"": ""neutral"", ""seed"": 393949540, ""language_name"": ""Korean""}"
108,ko,roommate mess로 생긴 에너지를 개선 작업에 쓰자.,sublimation,disgust,"{""template_id"": ""sub_goal_v2"", ""scenario"": ""roommate_mess"", ""scenario_family"": ""family"", ""style"": ""sarcastic"", ""seed"": 319096875, ""language_name"": ""Korean""}"
109,ko,lost item 얘기 말고 의자 문제부터 접수할게.요.,displacement,anger,"{""template_id"": ""disp_shift_v2"", ""scenario"": ""lost_item"", ""scenario_family"": ""online"", ""style"": ""polite"", ""seed"": 212983448, ""language_name"": ""Korean""}"
110,ko,vague instructions 가지고 과하게 반응하는 건 너야. 내 탓으로 돌리지 마.,projection,trust,"{""template_id"": ""proj_accuse_v1"", ""scenario"": ""vague_instructions"", ""scenario_family"": ""work"", ""style"": ""curt"", ""seed"": 579434751, ""language_name"": ""Korean""}"
111,ko,rumor heard 얘기 말고 의자 문제부터 접수할게.,displacement,surprise,"{""template_id"": ""disp_proxy_v1"", ""scenario"": ""rumor_heard"", ""scenario_family"": ""school"", ""style"": ""sarcastic"", ""seed"": 323025698, ""language_name"": ""Korean""}"
112,ko,travel delay 가지고 과하게 반응하는 건 너야. 내 탓으로 돌리지 마.,projection,trust,"{""template_id"": ""proj_blame_v2"", ""scenario"": ""travel_delay"", ""scenario_family"": ""online"", ""style"": ""ironic"", ""seed"": 916865931, ""language_name"": ""Korean""}"
113,ko,별일 아니야. unfair rule는 과장된 거야.,denial,sadness,"{""template_id"": ""deny_minimize_v1"", ""scenario"": ""unfair_rule"", ""scenario_family"": ""online"", ""style"": ""self_deprecating"", ""seed"": 222248795, ""language_name"": ""Korean""}"
114,ko,"지금은 말고, lost item는 나중에 이야기하자.",suppression,disgust,"{""template_id"": ""supp_defer_v1"", ""scenario"": ""lost_item"", ""scenario_family"": ""online"", ""style"": ""matter_of_fact"", ""seed"": 604492446, ""language_name"": ""Korean""}"
115,ko,별일 아니야. awkward silence는 과장된 거야.,denial,anticipation,"{""template_id"": ""deny_optimism_v2"", ""scenario"": ""awkward_silence"", ""scenario_family"": ""work"", ""style"": ""self_deprecating"", ""seed"": 712554287, ""language_name"": ""Korean""}"
116,ko,됐어. awkward silence 지금 바로 해버릴게.,acting_out,anticipation,"{""template_id"": ""act_impulse_v2"", ""scenario"": ""awkward_silence"", ""scenario_family"": ""work"", ""style"": ""sarcastic"", ""seed"": 999786655, ""language_name"": ""Korean""}"
117,ko,별일 아니야. travel delay는 과장된 거야.,denial,surprise,"{""template_id"": ""deny_optimism_v2"", ""scenario"": ""travel_delay"", ""scenario_family"": ""online"", ""style"": ""neutral"", ""seed"": 552800570, ""language_name"": ""Korean""}"
118,ko,"지금은 말고, ambiguous email는 나중에 이야기하자.",suppression,anticipation,"{""template_id"": ""supp_defer_v1"", ""scenario"": ""ambiguous_email"", ""scenario_family"": ""school"", ""style"": ""self_deprecating"", ""seed"": 79870321, ""language_name"": ""Korean""}"
119,ko,원래 시기가 안 맞아서 그랬던 거야. declined invite 때문이었어.,rationalization,trust,"{""template_id"": ""ratio_causal_v1"", ""scenario"": ""declined_invite"", ""scenario_family"": ""online"", ""style"": ""formal"", ""seed"": 108991939, ""language_name"": ""Korean""}"
120,ko,됐어. policy change 지금 바로 해버릴게.,acting_out,sadness,"{""template_id"": ""act_impulse_v2"", ""scenario"": ""policy_change"", ""scenario_family"": ""work"", ""style"": ""self_deprecating"", ""seed"": 21212474, ""language_name"": ""Korean""}"
121,ko,원래 시기가 안 맞아서 그랬던 거야. meeting overrun 때문이었어.,rationalization,trust,"{""template_id"": ""ratio_causal_v1"", ""scenario"": ""meeting_overrun"", ""scenario_family"": ""work"", ""style"": ""matter_of_fact"", ""seed"": 557657826, ""language_name"": ""Korean""}"
122,ko,task handoff 얘기 말고요 의자 문제부터 접수할게.,displacement,trust,"{""template_id"": ""disp_shift_v2"", ""scenario"": ""task_handoff"", ""scenario_family"": ""work"", ""style"": ""formal"", ""seed"": 817735184, ""language_name"": ""Korean""}"
123,ko,알겠어. travel delay는… 언젠가 할게.요.,passive_aggression,anticipation,"{""template_id"": ""pa_delay_v1"", ""scenario"": ""travel_delay"", ""scenario_family"": ""online"", ""style"": ""polite"", ""seed"": 609011393, ""language_name"": ""Korean""}"
124,ko,원래 시기가 안 맞아서 그랬던 거야. exam disappoint 때문이었어.,rationalization,surprise,"{""template_id"": ""ratio_causal_v1"", ""scenario"": ""exam_disappoint"", ""scenario_family"": ""school"", ""style"": ""matter_of_fact"", ""seed"": 910286260, ""language_name"": ""Korean""}"
125,ko,teammate slacks 가지고 과하게 반응하는 건 너야. 내 탓으로 돌리지 마.,projection,surprise,"{""template_id"": ""proj_accuse_v1"", ""scenario"": ""teammate_slacks"", ""scenario_family"": ""work"", ""style"": ""self_deprecating"", ""seed"": 954304757, ""language_name"": ""Korean""}"
126,ko,public criticism로 생긴 에너지를 개선 작업에 쓰자.,sublimation,fear,"{""template_id"": ""sub_goal_v2"", ""scenario"": ""public_criticism"", ""scenario_family"": ""online"", ""style"": ""formal"", ""seed"": 360582080, ""language_name"": ""Korean""}"
127,ko,알겠어. unfair rule는… 언젠가 할게.,passive_aggression,fear,"{""template_id"": ""pa_delay_v1"", ""scenario"": ""unfair_rule"", ""scenario_family"": ""online"", ""style"": ""self_deprecating"", ""seed"": 524134553, ""language_name"": ""Korean""}"
128,ko,exam disappoint 같은 일은 통계적으로 흔해.,intellectualization,fear,"{""template_id"": ""intel_abstraction_v2"", ""scenario"": ""exam_disappoint"", ""scenario_family"": ""school"", ""style"": ""ironic"", ""seed"": 490425094, ""language_name"": ""Korean""}"
129,ko,"지금은 말고, travel delay는 나중에 이야기하자.",suppression,anticipation,"{""template_id"": ""supp_defer_v1"", ""scenario"": ""travel_delay"", ""scenario_family"": ""online"", ""style"": ""conciliatory"", ""seed"": 240104811, ""language_name"": ""Korean""}"
130,ko,"지금은 말고, roommate mess는 나중에 이야기하자.",suppression,disgust,"{""template_id"": ""supp_park_v2"", ""scenario"": ""roommate_mess"", ""scenario_family"": ""family"", ""style"": ""conciliatory"", ""seed"": 220200933, ""language_name"": ""Korean""}"
131,ko,unfair rule 같은 일은 통계적으로 흔해.,intellectualization,fear,"{""template_id"": ""intel_stats_v1"", ""scenario"": ""unfair_rule"", ""scenario_family"": ""online"", ""style"": ""sarcastic"", ""seed"": 629943518, ""language_name"": ""Korean""}"
132,ko,device failure 같은 일은 통계적으로 흔해.,intellectualization,anticipation,"{""template_id"": ""intel_stats_v1"", ""scenario"": ""device_failure"", ""scenario_family"": ""work"", ""style"": ""laconic"", ""seed"": 972466013, ""language_name"": ""Korean""}"
133,ko,알겠어. public criticism는… 언젠가 할게.,passive_aggression,sadness,"{""template_id"": ""pa_sarcasm_v2"", ""scenario"": ""public_criticism"", ""scenario_family"": ""online"", ""style"": ""self_deprecating"", ""seed"": 830659063, ""language_name"": ""Korean""}"
134,ko,"지금은 말고, travel delay는 나중에 이야기하자.",suppression,anger,"{""template_id"": ""supp_park_v2"", ""scenario"": ""travel_delay"", ""scenario_family"": ""online"", ""style"": ""laconic"", ""seed"": 263007134, ""language_name"": ""Korean""}"
135,ko,알겠어. awkward silence는… 언젠가 할게.요.,passive_aggression,disgust,"{""template_id"": ""pa_delay_v1"", ""scenario"": ""awkward_silence"", ""scenario_family"": ""work"", ""style"": ""polite"", ""seed"": 118945335, ""language_name"": ""Korean""}"
136,ko,missed deadline 같은 일은 통계적으로 흔해.,intellectualization,fear,"{""template_id"": ""intel_stats_v1"", ""scenario"": ""missed_deadline"", ""scenario_family"": ""work"", ""style"": ""formal"", ""seed"": 615835412, ""language_name"": ""Korean""}"
137,ko,ambiguous email 가지고 과하게 반응하는 건 너야. 내 탓으로 돌리지 마.,projection,sadness,"{""template_id"": ""proj_accuse_v1"", ""scenario"": ""ambiguous_email"", ""scenario_family"": ""school"", ""style"": ""curt"", ""seed"": 291513412, ""language_name"": ""Korean""}"
138,ko,알겠어. noisy neighbor는… 언젠가 할게.,passive_aggression,anticipation,"{""template_id"": ""pa_delay_v1"", ""scenario"": ""noisy_neighbor"", ""scenario_family"": ""family"", ""style"": ""neutral"", ""seed"": 540575668, ""language_name"": ""Korean""}"
139,ko,lost item 얘기 말고 의자 문제부터 접수할게.,displacement,sadness,"{""template_id"": ""disp_proxy_v1"", ""scenario"": ""lost_item"", ""scenario_family"": ""online"", ""style"": ""neutral"", ""seed"": 2330072, ""language_name"": ""Korean""}"
140,ko,원래 시기가 안 맞아서 그랬던 거야. noisy neighbor 때문이었어.,rationalization,sadness,"{""template_id"": ""ratio_plausible_v2"", ""scenario"": ""noisy_neighbor"", ""scenario_family"": ""family"", ""style"": ""formal"", ""seed"": 756625715, ""language_name"": ""Korean""}"
141,ko,별일 아니야. rumor heard는 과장된 거야.,denial,fear,"{""template_id"": ""deny_optimism_v2"", ""scenario"": ""rumor_heard"", ""scenario_family"": ""school"", ""style"": ""self_deprecating"", ""seed"": 301198518, ""language_name"": ""Korean""}"
142,ko,awkward silence 얘기 말고 의자 문제부터 접수할게.,displacement,trust,"{""template_id"": ""disp_proxy_v1"", ""scenario"": ""awkward_silence"", ""scenario_family"": ""work"", ""style"": ""conciliatory"", ""seed"": 364977876, ""language_name"": ""Korean""}"
143,ko,meeting overrun 같은 일은 통계적으로 흔해.,intellectualization,surprise,"{""template_id"": ""intel_stats_v1"", ""scenario"": ""meeting_overrun"", ""scenario_family"": ""work"", ""style"": ""conciliatory"", ""seed"": 123784183, ""language_name"": ""Korean""}"
144,ko,"지금은 말고, overlooked contrib는 나중에 이야기하자.",suppression,anger,"{""template_id"": ""supp_park_v2"", ""scenario"": ""overlooked_contrib"", ""scenario_family"": ""work"", ""style"": ""matter_of_fact"", ""seed"": 101715750, ""language_name"": ""Korean""}"
145,ko,task handoff 얘기 말고 의자 문제부터 접수할게.,displacement,trust,"{""template_id"": ""disp_proxy_v1"", ""scenario"": ""task_handoff"", ""scenario_family"": ""work"", ""style"": ""ironic"", ""seed"": 984573338, ""language_name"": ""Korean""}"
146,ko,policy change 얘기 말고 의자 문제부터 접수할게.,displacement,anger,"{""template_id"": ""disp_proxy_v1"", ""scenario"": ""policy_change"", ""scenario_family"": ""work"", ""style"": ""ironic"", ""seed"": 303480955, ""language_name"": ""Korean""}"
147,ko,rumor heard 가지고 과하게 반응하는 건 너야. 내 탓으로 돌리지 마.,projection,anger,"{""template_id"": ""proj_accuse_v1"", ""scenario"": ""rumor_heard"", ""scenario_family"": ""school"", ""style"": ""conciliatory"", ""seed"": 950938319, ""language_name"": ""Korean""}"
148,ko,awkward silence로 생긴 에너지를 개선 작업에 쓰자.,sublimation,fear,"{""template_id"": ""sub_prosocial_v1"", ""scenario"": ""awkward_silence"", ""scenario_family"": ""work"", ""style"": ""formal"", ""seed"": 833269952, ""language_name"": ""Korean""}"
149,ko,"지금은 말고, declined invite는 나중에 이야기하자.요.",suppression,surprise,"{""template_id"": ""supp_park_v2"", ""scenario"": ""declined_invite"", ""scenario_family"": ""online"", ""style"": ""polite"", ""seed"": 154676912, ""language_name"": ""Korean""}"
150,ko,별일 아니야. supervisor feedback는 과장된 거야.,denial,anticipation,"{""template_id"": ""deny_minimize_v1"", ""scenario"": ""supervisor_feedback"", ""scenario_family"": ""work"", ""style"": ""laconic"", ""seed"": 702700869, ""language_name"": ""Korean""}"
151,ko,알겠어. overlooked contrib는… 언젠가 할게.,passive_aggression,surprise,"{""template_id"": ""pa_sarcasm_v2"", ""scenario"": ""overlooked_contrib"", ""scenario_family"": ""work"", ""style"": ""matter_of_fact"", ""seed"": 664861160, ""language_name"": ""Korean""}"
152,ko,별일 아니야. missed deadline는 과장된 거야.요.,denial,joy,"{""template_id"": ""deny_optimism_v2"", ""scenario"": ""missed_deadline"", ""scenario_family"": ""work"", ""style"": ""polite"", ""seed"": 399629093, ""language_name"": ""Korean""}"
153,ko,됐어. device failure 지금 바로 해버릴게.,acting_out,disgust,"{""template_id"": ""act_impulse_v2"", ""scenario"": ""device_failure"", ""scenario_family"": ""work"", ""style"": ""laconic"", ""seed"": 162376510, ""language_name"": ""Korean""}"
154,ko,회피 올림픽이 있다면 난 메달감이야. 농담이야.,humor,fear,"{""template_id"": ""hum_quip_v1"", ""scenario"": ""awkward_silence"", ""scenario_family"": ""work"", ""style"": ""curt"", ""seed"": 550479448, ""language_name"": ""Korean""}"
155,ko,last minute request 같은 일은 통계적으로 흔해.,intellectualization,disgust,"{""template_id"": ""intel_stats_v1"", ""scenario"": ""last_minute_request"", ""scenario_family"": ""work"", ""style"": ""matter_of_fact"", ""seed"": 636512741, ""language_name"": ""Korean""}"
156,ko,됐어. device failure 지금 바로 하겠습니다.,acting_out,anticipation,"{""template_id"": ""act_impulse_v2"", ""scenario"": ""device_failure"", ""scenario_family"": ""work"", ""style"": ""formal"", ""seed"": 797890591, ""language_name"": ""Korean""}"
157,ko,알겠어. roommate mess는… 언젠가 할게.,passive_aggression,sadness,"{""template_id"": ""pa_delay_v1"", ""scenario"": ""roommate_mess"", ""scenario_family"": ""family"", ""style"": ""neutral"", ""seed"": 135661520, ""language_name"": ""Korean""}"
158,ko,"지금은 말고, ambiguous email는 나중에 이야기하자.요.",suppression,anger,"{""template_id"": ""supp_park_v2"", ""scenario"": ""ambiguous_email"", ""scenario_family"": ""school"", ""style"": ""polite"", ""seed"": 281617520, ""language_name"": ""Korean""}"
159,ko,"지금은 말고, public criticism는 나중에 이야기하자.",suppression,disgust,"{""template_id"": ""supp_defer_v1"", ""scenario"": ""public_criticism"", ""scenario_family"": ""online"", ""style"": ""self_deprecating"", ""seed"": 845321951, ""language_name"": ""Korean""}"
160,ko,"지금은 말고, noisy neighbor는 나중에 이야기하자.",suppression,anticipation,"{""template_id"": ""supp_park_v2"", ""scenario"": ""noisy_neighbor"", ""scenario_family"": ""family"", ""style"": ""laconic"", ""seed"": 407913489, ""language_name"": ""Korean""}"
161,ko,task handoff 같은 일은 통계적으로 흔해.,intellectualization,trust,"{""template_id"": ""intel_abstraction_v2"", ""scenario"": ""task_handoff"", ""scenario_family"": ""work"", ""style"": ""sarcastic"", ""seed"": 843335168, ""language_name"": ""Korean""}"
162,ko,"지금은 말고, rumor heard는 나중에 이야기하자.",suppression,sadness,"{""template_id"": ""supp_defer_v1"", ""scenario"": ""rumor_heard"", ""scenario_family"": ""school"", ""style"": ""curt"", ""seed"": 35920555, ""language_name"": ""Korean""}"
163,ko,"지금은 말고, task handoff는 나중에 이야기하자.",suppression,joy,"{""template_id"": ""supp_defer_v1"", ""scenario"": ""task_handoff"", ""scenario_family"": ""work"", ""style"": ""neutral"", ""seed"": 212482960, ""language_name"": ""Korean""}"
164,ko,rumor heard 얘기 말고 의자 문제부터 접수할게.,displacement,sadness,"{""template_id"": ""disp_shift_v2"", ""scenario"": ""rumor_heard"", ""scenario_family"": ""school"", ""style"": ""laconic"", ""seed"": 401071323, ""language_name"": ""Korean""}"
165,ko,알겠어. noisy neighbor는… 언젠가 할게.요.,passive_aggression,sadness,"{""template_id"": ""pa_delay_v1"", ""scenario"": ""noisy_neighbor"", ""scenario_family"": ""family"", ""style"": ""polite"", ""seed"": 287889354, ""language_name"": ""Korean""}"
166,ko,long queue 얘기 말고 의자 문제부터 접수할게.,displacement,joy,"{""template_id"": ""disp_shift_v2"", ""scenario"": ""long_queue"", ""scenario_family"": ""online"", ""style"": ""ironic"", ""seed"": 526061982, ""language_name"": ""Korean""}"
167,ko,long queue 얘기 말고 의자 문제부터 접수할게.,displacement,fear,"{""template_id"": ""disp_proxy_v1"", ""scenario"": ""long_queue"", ""scenario_family"": ""online"", ""style"": ""ironic"", ""seed"": 905274667, ""language_name"": ""Korean""}"
168,ko,declined invite 같은 일은 통계적으로 흔해.,intellectualization,sadness,"{""template_id"": ""intel_stats_v1"", ""scenario"": ""declined_invite"", ""scenario_family"": ""online"", ""style"": ""sarcastic"", ""seed"": 918635382, ""language_name"": ""Korean""}"
169,ko,teammate slacks 같은 일은 통계적으로 흔해.,intellectualization,anticipation,"{""template_id"": ""intel_abstraction_v2"", ""scenario"": ""teammate_slacks"", ""scenario_family"": ""work"", ""style"": ""laconic"", ""seed"": 714923282, ""language_name"": ""Korean""}"
170,ko,"지금은 말고, rumor heard는 나중에 이야기하자.요.",suppression,sadness,"{""template_id"": ""supp_defer_v1"", ""scenario"": ""rumor_heard"", ""scenario_family"": ""school"", ""style"": ""polite"", ""seed"": 310693186, ""language_name"": ""Korean""}"
171,ko,last minute request 가지고 과하게 반응하는 건 너야. 내 탓으로 돌리지 마.,projection,sadness,"{""template_id"": ""proj_blame_v2"", ""scenario"": ""last_minute_request"", ""scenario_family"": ""work"", ""style"": ""formal"", ""seed"": 301531945, ""language_name"": ""Korean""}"
172,ko,회피 올림픽이 있다면 난 메달감이야. 농담이야.,humor,anticipation,"{""template_id"": ""hum_quip_v1"", ""scenario"": ""roommate_mess"", ""scenario_family"": ""family"", ""style"": ""curt"", ""seed"": 333130594, ""language_name"": ""Korean""}"
173,ko,됐어. rumor heard 지금 바로 하겠습니다.,acting_out,joy,"{""template_id"": ""act_impulse_v2"", ""scenario"": ""rumor_heard"", ""scenario_family"": ""school"", ""style"": ""formal"", ""seed"": 687785629, ""language_name"": ""Korean""}"
174,ko,알겠어. device failure는… 언젠가 할게.,passive_aggression,surprise,"{""template_id"": ""pa_delay_v1"", ""scenario"": ""device_failure"", ""scenario_family"": ""work"", ""style"": ""laconic"", ""seed"": 807214588, ""language_name"": ""Korean""}"
175,ko,별일 아니야. roommate mess는 과장된 거야.,denial,joy,"{""template_id"": ""deny_optimism_v2"", ""scenario"": ""roommate_mess"", ""scenario_family"": ""family"", ""style"": ""formal"", ""seed"": 267237912, ""language_name"": ""Korean""}"
176,ko,회피 올림픽이 있다면 난 메달감이야. 농담이야.,humor,sadness,"{""template_id"": ""hum_quip_v1"", ""scenario"": ""meeting_overrun"", ""scenario_family"": ""work"", ""style"": ""matter_of_fact"", ""seed"": 534301224, ""language_name"": ""Korean""}"
177,ko,원래 시기가 안 맞아서 그랬던 거야. declined invite 때문이었어.,rationalization,joy,"{""template_id"": ""ratio_plausible_v2"", ""scenario"": ""declined_invite"", ""scenario_family"": ""online"", ""style"": ""ironic"", ""seed"": 397375544, ""language_name"": ""Korean""}"
178,ko,overlooked contrib 가지고 과하게 반응하는 건 너야. 내 탓으로 돌리지 마.,projection,sadness,"{""template_id"": ""proj_accuse_v1"", ""scenario"": ""overlooked_contrib"", ""scenario_family"": ""work"", ""style"": ""matter_of_fact"", ""seed"": 290044660, ""language_name"": ""Korean""}"
179,ko,"지금은 말고, public criticism는 나중에 이야기하자.",suppression,joy,"{""template_id"": ""supp_park_v2"", ""scenario"": ""public_criticism"", ""scenario_family"": ""online"", ""style"": ""self_deprecating"", ""seed"": 388823040, ""language_name"": ""Korean""}"
180,ko,"지금은 말고, long queue는 나중에 이야기하자.",suppression,anticipation,"{""template_id"": ""supp_park_v2"", ""scenario"": ""long_queue"", ""scenario_family"": ""online"", ""style"": ""conciliatory"", ""seed"": 367763707, ""language_name"": ""Korean""}"
181,ko,lost item 가지고 과하게 반응하는 건 너야. 내 탓으로 돌리지 마.요.,projection,anger,"{""template_id"": ""proj_accuse_v1"", ""scenario"": ""lost_item"", ""scenario_family"": ""online"", ""style"": ""polite"", ""seed"": 745143671, ""language_name"": ""Korean""}"
182,ko,별일 아니야. roommate mess는 과장된 거야.,denial,anticipation,"{""template_id"": ""deny_optimism_v2"", ""scenario"": ""roommate_mess"", ""scenario_family"": ""family"", ""style"": ""conciliatory"", ""seed"": 832657281, ""language_name"": ""Korean""}"
183,ko,canceled plan 얘기 말고 의자 문제부터 접수할게.,displacement,fear,"{""template_id"": ""disp_proxy_v1"", ""scenario"": ""canceled_plan"", ""scenario_family"": ""family"", ""style"": ""laconic"", ""seed"": 62610008, ""language_name"": ""Korean""}"
184,ko,device failure 같은 일은 통계적으로 흔해.,intellectualization,fear,"{""template_id"": ""intel_stats_v1"", ""scenario"": ""device_failure"", ""scenario_family"": ""work"", ""style"": ""matter_of_fact"", ""seed"": 389206439, ""language_name"": ""Korean""}"
185,ko,"지금은 말고, teammate slacks는 나중에 이야기하자.",suppression,trust,"{""template_id"": ""supp_park_v2"", ""scenario"": ""teammate_slacks"", ""scenario_family"": ""work"", ""style"": ""curt"", ""seed"": 724176444, ""language_name"": ""Korean""}"
186,ko,supervisor feedback 가지고 과하게 반응하는 건 너야. 내 탓으로 돌리지 마.,projection,surprise,"{""template_id"": ""proj_blame_v2"", ""scenario"": ""supervisor_feedback"", ""scenario_family"": ""work"", ""style"": ""matter_of_fact"", ""seed"": 204675070, ""language_name"": ""Korean""}"
187,ko,task handoff 얘기 말고 의자 문제부터 접수할게.,displacement,surprise,"{""template_id"": ""disp_shift_v2"", ""scenario"": ""task_handoff"", ""scenario_family"": ""work"", ""style"": ""conciliatory"", ""seed"": 542557867, ""language_name"": ""Korean""}"
188,ko,vague instructions로 생긴 에너지를 개선 작업에 쓰자.,sublimation,joy,"{""template_id"": ""sub_prosocial_v1"", ""scenario"": ""vague_instructions"", ""scenario_family"": ""work"", ""style"": ""matter_of_fact"", ""seed"": 76959173, ""language_name"": ""Korean""}"
189,ko,알겠어. vague instructions는… 언젠가 할게.,passive_aggression,fear,"{""template_id"": ""pa_sarcasm_v2"", ""scenario"": ""vague_instructions"", ""scenario_family"": ""work"", ""style"": ""ironic"", ""seed"": 538135133, ""language_name"": ""Korean""}"
190,ko,overlooked contrib 가지고 과하게 반응하는 건 너야. 내 탓으로 돌리지 마.,projection,disgust,"{""template_id"": ""proj_accuse_v1"", ""scenario"": ""overlooked_contrib"", ""scenario_family"": ""work"", ""style"": ""self_deprecating"", ""seed"": 801861400, ""language_name"": ""Korean""}"
191,ko,됐어. supervisor feedback 지금 바로 해버릴게.요.,acting_out,joy,"{""template_id"": ""act_impulse_v2"", ""scenario"": ""supervisor_feedback"", ""scenario_family"": ""work"", ""style"": ""polite"", ""seed"": 952420385, ""language_name"": ""Korean""}"
192,ko,별일 아니야. vague instructions는 과장된 거야.,denial,anticipation,"{""template_id"": ""deny_minimize_v1"", ""scenario"": ""vague_instructions"", ""scenario_family"": ""work"", ""style"": ""formal"", ""seed"": 291584335, ""language_name"": ""Korean""}"
193,ko,long queue 같은 일은 통계적으로 흔해.,intellectualization,anticipation,"{""template_id"": ""intel_stats_v1"", ""scenario"": ""long_queue"", ""scenario_family"": ""online"", ""style"": ""neutral"", ""seed"": 535003593, ""language_name"": ""Korean""}"
194,ko,"지금은 말고, task handoff는 나중에 이야기하자.",suppression,anger,"{""template_id"": ""supp_defer_v1"", ""scenario"": ""task_handoff"", ""scenario_family"": ""work"", ""style"": ""self_deprecating"", ""seed"": 453702364, ""language_name"": ""Korean""}"
195,ko,"지금은 말고, teammate slacks는 나중에 이야기하자.",suppression,anticipation,"{""template_id"": ""supp_defer_v1"", ""scenario"": ""teammate_slacks"", ""scenario_family"": ""work"", ""style"": ""conciliatory"", ""seed"": 319249016, ""language_name"": ""Korean""}"
196,ko,task handoff 얘기 말고 의자 문제부터 접수할게.,displacement,joy,"{""template_id"": ""disp_proxy_v1"", ""scenario"": ""task_handoff"", ""scenario_family"": ""work"", ""style"": ""sarcastic"", ""seed"": 467898242, ""language_name"": ""Korean""}"
197,ko,알겠어. teammate slacks는… 언젠가 할게.,passive_aggression,surprise,"{""template_id"": ""pa_sarcasm_v2"", ""scenario"": ""teammate_slacks"", ""scenario_family"": ""work"", ""style"": ""curt"", ""seed"": 871534989, ""language_name"": ""Korean""}"
198,ko,policy change 가지고 과하게 반응하는 건 너야. 내 탓으로 돌리지 마.,projection,anger,"{""template_id"": ""proj_accuse_v1"", ""scenario"": ""policy_change"", ""scenario_family"": ""work"", ""style"": ""laconic"", ""seed"": 755517818, ""language_name"": ""Korean""}"
199,ko,별일 아니야. overlooked contrib는 과장된 거야.,denial,trust,"{""template_id"": ""deny_minimize_v1"", ""scenario"": ""overlooked_contrib"", ""scenario_family"": ""work"", ""style"": ""self_deprecating"", ""seed"": 833083161, ""language_name"": ""Korean""}"
200,ko,"지금은 말고요, public criticism는 나중에 이야기하겠습니다.",suppression,trust,"{""template_id"": ""supp_park_v2"", ""scenario"": ""public_criticism"", ""scenario_family"": ""online"", ""style"": ""formal"", ""seed"": 184041495, ""language_name"": ""Korean""}"
201,fr,"D'accord, je m'en occuperai de missed deadline… un jour.",passive_aggression,sadness,"{""template_id"": ""pa_sarcasm_v2"", ""scenario"": ""missed_deadline"", ""scenario_family"": ""work"", ""style"": ""polite"", ""seed"": 743450159, ""language_name"": ""French""}"
202,fr,Je vais canaliser l'énergie de noisy neighbor pour améliorer le processus.,sublimation,sadness,"{""template_id"": ""sub_goal_v2"", ""scenario"": ""noisy_neighbor"", ""scenario_family"": ""family"", ""style"": ""curt"", ""seed"": 275806983, ""language_name"": ""French""}"
203,fr,Pas maintenant—on reprendra noisy neighbor plus tard.,suppression,anticipation,"{""template_id"": ""supp_park_v2"", ""scenario"": ""noisy_neighbor"", ""scenario_family"": ""family"", ""style"": ""ironic"", ""seed"": 647344693, ""language_name"": ""French""}"
204,fr,"En fait, c'est arrivé parce que le timing n'était pas le bon; avec canceled plan, c'était prévisible.",rationalization,joy,"{""template_id"": ""ratio_causal_v1"", ""scenario"": ""canceled_plan"", ""scenario_family"": ""family"", ""style"": ""ironic"", ""seed"": 369668209, ""language_name"": ""French""}"
205,fr,"Très bien, je fais quelque chose pour overlooked contrib tout de suite.",acting_out,surprise,"{""template_id"": ""act_impulse_v2"", ""scenario"": ""overlooked_contrib"", ""scenario_family"": ""work"", ""style"": ""polite"", ""seed"": 31383255, ""language_name"": ""French""}"
206,fr,"En fait, c'est arrivé parce que le timing n'était pas le bon; avec vague instructions, c'était prévisible.",rationalization,anticipation,"{""template_id"": ""ratio_causal_v1"", ""scenario"": ""vague_instructions"", ""scenario_family"": ""work"", ""style"": ""sarcastic"", ""seed"": 494569221, ""language_name"": ""French""}"
207,fr,"En fait, c'est arrivé parce que le timing n'était pas le bon; avec declined invite, c'était prévisible.",rationalization,trust,"{""template_id"": ""ratio_plausible_v2"", ""scenario"": ""declined_invite"", ""scenario_family"": ""online"", ""style"": ""formal"", ""seed"": 52986235, ""language_name"": ""French""}"
208,fr,Je vais canaliser l'énergie de lost item pour améliorer le processus.,sublimation,anticipation,"{""template_id"": ""sub_goal_v2"", ""scenario"": ""lost_item"", ""scenario_family"": ""online"", ""style"": ""laconic"", ""seed"": 194851472, ""language_name"": ""French""}"
209,fr,"En fait, c'est arrivé parce que le timing n'était pas le bon; avec teammate slacks, c'était prévisible.",rationalization,disgust,"{""template_id"": ""ratio_causal_v1"", ""scenario"": ""teammate_slacks"", ""scenario_family"": ""work"", ""style"": ""laconic"", ""seed"": 923044633, ""language_name"": ""French""}"
210,fr,Ce n'est pas un vrai problème; roommate mess est exagéré.,denial,fear,"{""template_id"": ""deny_minimize_v1"", ""scenario"": ""roommate_mess"", ""scenario_family"": ""family"", ""style"": ""neutral"", ""seed"": 786650999, ""language_name"": ""French""}"
211,fr,"Très bien, je fais quelque chose pour device failure tout de suite.",acting_out,trust,"{""template_id"": ""act_impulse_v2"", ""scenario"": ""device_failure"", ""scenario_family"": ""work"", ""style"": ""matter_of_fact"", ""seed"": 427997920, ""language_name"": ""French""}"
212,fr,"D'accord, je m'en occuperai de last minute request… un jour.",passive_aggression,surprise,"{""template_id"": ""pa_delay_v1"", ""scenario"": ""last_minute_request"", ""scenario_family"": ""work"", ""style"": ""neutral"", ""seed"": 226901388, ""language_name"": ""French""}"
213,fr,Pas maintenant—on reprendra long queue plus tard.,suppression,anticipation,"{""template_id"": ""supp_defer_v1"", ""scenario"": ""long_queue"", ""scenario_family"": ""online"", ""style"": ""conciliatory"", ""seed"": 423296929, ""language_name"": ""French""}"
214,fr,C'est toi qui exagères pour lost item; ne rejette pas la faute sur moi.,projection,fear,"{""template_id"": ""proj_accuse_v1"", ""scenario"": ""lost_item"", ""scenario_family"": ""online"", ""style"": ""curt"", ""seed"": 499951850, ""language_name"": ""French""}"
215,fr,Je vais canaliser l'énergie de overlooked contrib pour améliorer le processus.,sublimation,fear,"{""template_id"": ""sub_prosocial_v1"", ""scenario"": ""overlooked_contrib"", ""scenario_family"": ""work"", ""style"": ""laconic"", ""seed"": 852453064, ""language_name"": ""French""}"
216,fr,Pas maintenant—on reprendra lost item plus tard.,suppression,trust,"{""template_id"": ""supp_park_v2"", ""scenario"": ""lost_item"", ""scenario_family"": ""online"", ""style"": ""neutral"", ""seed"": 112545083, ""language_name"": ""French""}"
217,fr,C'est toi qui exagères pour unfair rule; ne rejette pas la faute sur moi.,projection,trust,"{""template_id"": ""proj_blame_v2"", ""scenario"": ""unfair_rule"", ""scenario_family"": ""online"", ""style"": ""neutral"", ""seed"": 6961628, ""language_name"": ""French""}"
218,fr,Ce n'est pas un vrai problème; canceled plan est exagéré.,denial,surprise,"{""template_id"": ""deny_minimize_v1"", ""scenario"": ""canceled_plan"", ""scenario_family"": ""family"", ""style"": ""matter_of_fact"", ""seed"": 345687108, ""language_name"": ""French""}"
219,fr,"Si éviter les soucis était un sport, je serais champion régional—je plaisante.",humor,trust,"{""template_id"": ""hum_irony_v2"", ""scenario"": ""noisy_neighbor"", ""scenario_family"": ""family"", ""style"": ""ironic"", ""seed"": 487805899, ""language_name"": ""French""}"
220,fr,"Très bien, je fais quelque chose pour vague instructions tout de suite.",acting_out,anger,"{""template_id"": ""act_now_v1"", ""scenario"": ""vague_instructions"", ""scenario_family"": ""work"", ""style"": ""sarcastic"", ""seed"": 630887148, ""language_name"": ""French""}"
221,fr,Je vais ouvrir un ticket pour la chaise au lieu de débattre de supervisor feedback.,displacement,trust,"{""template_id"": ""disp_proxy_v1"", ""scenario"": ""supervisor_feedback"", ""scenario_family"": ""work"", ""style"": ""sarcastic"", ""seed"": 87247620, ""language_name"": ""French""}"
222,fr,"Très bien, je fais quelque chose pour last minute request tout de suite.",acting_out,trust,"{""template_id"": ""act_impulse_v2"", ""scenario"": ""last_minute_request"", ""scenario_family"": ""work"", ""style"": ""formal"", ""seed"": 274582271, ""language_name"": ""French""}"
223,fr,"D'accord, je m'en occuperai de rumor heard… un jour.",passive_aggression,surprise,"{""template_id"": ""pa_delay_v1"", ""scenario"": ""rumor_heard"", ""scenario_family"": ""school"", ""style"": ""neutral"", ""seed"": 981002955, ""language_name"": ""French""}"
224,fr,Ce n'est pas un vrai problème; declined invite est exagéré.,denial,joy,"{""template_id"": ""deny_minimize_v1"", ""scenario"": ""declined_invite"", ""scenario_family"": ""online"", ""style"": ""neutral"", ""seed"": 587316721, ""language_name"": ""French""}"
225,fr,Ce n'est pas un vrai problème; long queue est exagéré.,denial,disgust,"{""template_id"": ""deny_optimism_v2"", ""scenario"": ""long_queue"", ""scenario_family"": ""online"", ""style"": ""laconic"", ""seed"": 281850424, ""language_name"": ""French""}"
226,fr,Ce n'est pas un vrai problème; exam disappoint est exagéré.,denial,disgust,"{""template_id"": ""deny_optimism_v2"", ""scenario"": ""exam_disappoint"", ""scenario_family"": ""school"", ""style"": ""curt"", ""seed"": 489888546, ""language_name"": ""French""}"
227,fr,"Très bien, je fais quelque chose pour noisy neighbor tout de suite.",acting_out,disgust,"{""template_id"": ""act_now_v1"", ""scenario"": ""noisy_neighbor"", ""scenario_family"": ""family"", ""style"": ""matter_of_fact"", ""seed"": 954818139, ""language_name"": ""French""}"
228,fr,"Si éviter les soucis était un sport, je serais champion régional—je plaisante.",humor,disgust,"{""template_id"": ""hum_irony_v2"", ""scenario"": ""overlooked_contrib"", ""scenario_family"": ""work"", ""style"": ""ironic"", ""seed"": 831556176, ""language_name"": ""French""}"
229,fr,"En fait, c'est arrivé parce que le timing n'était pas le bon; avec missed deadline, c'était prévisible.",rationalization,sadness,"{""template_id"": ""ratio_causal_v1"", ""scenario"": ""missed_deadline"", ""scenario_family"": ""work"", ""style"": ""neutral"", ""seed"": 452253528, ""language_name"": ""French""}"
230,fr,"Statistiquement, supervisor feedback reste dans la variance attendue.",intellectualization,trust,"{""template_id"": ""intel_abstraction_v2"", ""scenario"": ""supervisor_feedback"", ""scenario_family"": ""work"", ""style"": ""conciliatory"", ""seed"": 66465183, ""language_name"": ""French""}"
231,fr,"Statistiquement, long queue reste dans la variance attendue.",intellectualization,anticipation,"{""template_id"": ""intel_abstraction_v2"", ""scenario"": ""long_queue"", ""scenario_family"": ""online"", ""style"": ""curt"", ""seed"": 762721242, ""language_name"": ""French""}"
232,fr,"En fait, c'est arrivé parce que le timing n'était pas le bon; avec device failure, c'était prévisible.",rationalization,joy,"{""template_id"": ""ratio_causal_v1"", ""scenario"": ""device_failure"", ""scenario_family"": ""work"", ""style"": ""polite"", ""seed"": 823711056, ""language_name"": ""French""}"
233,fr,Je vais ouvrir un ticket pour la chaise au lieu de débattre de overlooked contrib.,displacement,fear,"{""template_id"": ""disp_proxy_v1"", ""scenario"": ""overlooked_contrib"", ""scenario_family"": ""work"", ""style"": ""sarcastic"", ""seed"": 188026336, ""language_name"": ""French""}"
234,fr,"Statistiquement, rumor heard reste dans la variance attendue.",intellectualization,fear,"{""template_id"": ""intel_stats_v1"", ""scenario"": ""rumor_heard"", ""scenario_family"": ""school"", ""style"": ""matter_of_fact"", ""seed"": 200152444, ""language_name"": ""French""}"
235,fr,"Statistiquement, public criticism reste dans la variance attendue.",intellectualization,joy,"{""template_id"": ""intel_abstraction_v2"", ""scenario"": ""public_criticism"", ""scenario_family"": ""online"", ""style"": ""formal"", ""seed"": 614042898, ""language_name"": ""French""}"
236,fr,Ce n'est pas un vrai problème; public criticism est exagéré.,denial,fear,"{""template_id"": ""deny_optimism_v2"", ""scenario"": ""public_criticism"", ""scenario_family"": ""online"", ""style"": ""conciliatory"", ""seed"": 553271463, ""language_name"": ""French""}"
237,fr,C'est toi qui exagères pour canceled plan; ne rejette pas la faute sur moi.,projection,joy,"{""template_id"": ""proj_blame_v2"", ""scenario"": ""canceled_plan"", ""scenario_family"": ""family"", ""style"": ""self_deprecating"", ""seed"": 257397587, ""language_name"": ""French""}"
238,fr,Ce n'est pas un vrai problème; long queue est exagéré.,denial,anger,"{""template_id"": ""deny_optimism_v2"", ""scenario"": ""long_queue"", ""scenario_family"": ""online"", ""style"": ""polite"", ""seed"": 65240224, ""language_name"": ""French""}"
239,fr,Pas maintenant—on reprendra exam disappoint plus tard.,suppression,joy,"{""template_id"": ""supp_defer_v1"", ""scenario"": ""exam_disappoint"", ""scenario_family"": ""school"", ""style"": ""sarcastic"", ""seed"": 298972754, ""language_name"": ""French""}"
240,fr,Je vais canaliser l'énergie de lost item pour améliorer le processus.,sublimation,fear,"{""template_id"": ""sub_goal_v2"", ""scenario"": ""lost_item"", ""scenario_family"": ""online"", ""style"": ""conciliatory"", ""seed"": 399173039, ""language_name"": ""French""}"
241,fr,"Statistiquement, lost item reste dans la variance attendue.",intellectualization,anger,"{""template_id"": ""intel_stats_v1"", ""scenario"": ""lost_item"", ""scenario_family"": ""online"", ""style"": ""curt"", ""seed"": 10263083, ""language_name"": ""French""}"
242,fr,C'est toi qui exagères pour scheduling conflict; ne rejette pas la faute sur moi.,projection,surprise,"{""template_id"": ""proj_blame_v2"", ""scenario"": ""scheduling_conflict"", ""scenario_family"": ""family"", ""style"": ""self_deprecating"", ""seed"": 727042935, ""language_name"": ""French""}"
243,fr,Je vais canaliser l'énergie de ambiguous email pour améliorer le processus.,sublimation,sadness,"{""template_id"": ""sub_goal_v2"", ""scenario"": ""ambiguous_email"", ""scenario_family"": ""school"", ""style"": ""matter_of_fact"", ""seed"": 758928631, ""language_name"": ""French""}"
244,fr,Ce n'est pas un vrai problème; teammate slacks est exagéré.,denial,anger,"{""template_id"": ""deny_minimize_v1"", ""scenario"": ""teammate_slacks"", ""scenario_family"": ""work"", ""style"": ""matter_of_fact"", ""seed"": 352780687, ""language_name"": ""French""}"
245,fr,"Statistiquement, awkward silence reste dans la variance attendue.",intellectualization,sadness,"{""template_id"": ""intel_stats_v1"", ""scenario"": ""awkward_silence"", ""scenario_family"": ""work"", ""style"": ""sarcastic"", ""seed"": 44804325, ""language_name"": ""French""}"
246,fr,Pas maintenant—on reprendra noisy neighbor plus tard.,suppression,sadness,"{""template_id"": ""supp_park_v2"", ""scenario"": ""noisy_neighbor"", ""scenario_family"": ""family"", ""style"": ""laconic"", ""seed"": 543078518, ""language_name"": ""French""}"
247,fr,Ce n'est pas un vrai problème; policy change est exagéré.,denial,disgust,"{""template_id"": ""deny_minimize_v1"", ""scenario"": ""policy_change"", ""scenario_family"": ""work"", ""style"": ""neutral"", ""seed"": 833192337, ""language_name"": ""French""}"
248,fr,"D'accord, je m'en occuperai de overlooked contrib… un jour.",passive_aggression,fear,"{""template_id"": ""pa_sarcasm_v2"", ""scenario"": ""overlooked_contrib"", ""scenario_family"": ""work"", ""style"": ""formal"", ""seed"": 730971356, ""language_name"": ""French""}"
249,fr,Pas maintenant—on reprendra supervisor feedback plus tard.,suppression,disgust,"{""template_id"": ""supp_defer_v1"", ""scenario"": ""supervisor_feedback"", ""scenario_family"": ""work"", ""style"": ""neutral"", ""seed"": 305486307, ""language_name"": ""French""}"
250,fr,"D'accord, je m'en occuperai de noisy neighbor… un jour.",passive_aggression,joy,"{""template_id"": ""pa_sarcasm_v2"", ""scenario"": ""noisy_neighbor"", ""scenario_family"": ""family"", ""style"": ""polite"", ""seed"": 213592976, ""language_name"": ""French""}"
251,ka,"კარგი, scheduling conflict-ს მივხედავ… ოდესმე.",passive_aggression,surprise,"{""template_id"": ""pa_delay_v1"", ""scenario"": ""scheduling_conflict"", ""scenario_family"": ""family"", ""style"": ""laconic"", ""seed"": 63261466, ""language_name"": ""Georgian""}"
252,ka,ეს სერიოზული არაა; missed deadline გადაჭარბებულია.,denial,anticipation,"{""template_id"": ""deny_optimism_v2"", ""scenario"": ""missed_deadline"", ""scenario_family"": ""work"", ""style"": ""laconic"", ""seed"": 390124289, ""language_name"": ""Georgian""}"
253,ka,unfair rule-დან ენერგიას პროცესის გაუმჯობესებაში გამოვიყენებ.,sublimation,disgust,"{""template_id"": ""sub_prosocial_v1"", ""scenario"": ""unfair_rule"", ""scenario_family"": ""online"", ""style"": ""matter_of_fact"", ""seed"": 500889173, ""language_name"": ""Georgian""}"
254,ka,ეს სერიოზული არაა; policy change გადაჭარბებულია.,denial,anger,"{""template_id"": ""deny_minimize_v1"", ""scenario"": ""policy_change"", ""scenario_family"": ""work"", ""style"": ""curt"", ""seed"": 714345349, ""language_name"": ""Georgian""}"
255,ka,"კარგი, ახლავე რამეს გავაკეთებ device failure-თან დაკავშირებით.",acting_out,joy,"{""template_id"": ""act_impulse_v2"", ""scenario"": ""device_failure"", ""scenario_family"": ""work"", ""style"": ""self_deprecating"", ""seed"": 552364928, ""language_name"": ""Georgian""}"
256,ka,"კარგი, ambiguous email-ს მივხედავ… ოდესმე.",passive_aggression,anticipation,"{""template_id"": ""pa_sarcasm_v2"", ""scenario"": ""ambiguous_email"", ""scenario_family"": ""school"", ""style"": ""neutral"", ""seed"": 650789281, ""language_name"": ""Georgian""}"
257,ka,overlooked contrib სტატისტიკურად მოსალოდნელ დიაპაზონშია.,intellectualization,disgust,"{""template_id"": ""intel_stats_v1"", ""scenario"": ""overlooked_contrib"", ""scenario_family"": ""work"", ""style"": ""neutral"", ""seed"": 892290567, ""language_name"": ""Georgian""}"
258,ka,ეს სერიოზული არაა; scheduling conflict გადაჭარბებულია.,denial,disgust,"{""template_id"": ""deny_minimize_v1"", ""scenario"": ""scheduling_conflict"", ""scenario_family"": ""family"", ""style"": ""self_deprecating"", ""seed"": 185322981, ""language_name"": ""Georgian""}"
259,ka,ეს სერიოზული არაა; ambiguous email გადაჭარბებულია.,denial,trust,"{""template_id"": ""deny_optimism_v2"", ""scenario"": ""ambiguous_email"", ""scenario_family"": ""school"", ""style"": ""curt"", ""seed"": 581618964, ""language_name"": ""Georgian""}"
260,ka,"canceled plan-ს მაგივრად, სკამზე საკითხს გავხსნი.",displacement,joy,"{""template_id"": ""disp_shift_v2"", ""scenario"": ""canceled_plan"", ""scenario_family"": ""family"", ""style"": ""ironic"", ""seed"": 938848909, ""language_name"": ""Georgian""}"
261,ka,task handoffზე ზედმეტად რეაგირებ შენ; ჩემზე ნუ გადმოდებ ბრალს.,projection,trust,"{""template_id"": ""proj_blame_v2"", ""scenario"": ""task_handoff"", ""scenario_family"": ""work"", ""style"": ""ironic"", ""seed"": 185851300, ""language_name"": ""Georgian""}"
262,ka,"long queue-ს მაგივრად, სკამზე საკითხს გავხსნი.",displacement,surprise,"{""template_id"": ""disp_shift_v2"", ""scenario"": ""long_queue"", ""scenario_family"": ""online"", ""style"": ""neutral"", ""seed"": 271288164, ""language_name"": ""Georgian""}"
263,ka,ეს სერიოზული არაა; roommate mess გადაჭარბებულია.,denial,disgust,"{""template_id"": ""deny_optimism_v2"", ""scenario"": ""roommate_mess"", ""scenario_family"": ""family"", ""style"": ""polite"", ""seed"": 840032939, ""language_name"": ""Georgian""}"
264,ka,"კარგი, ახლავე რამეს გავაკეთებ unfair rule-თან დაკავშირებით.",acting_out,anticipation,"{""template_id"": ""act_now_v1"", ""scenario"": ""unfair_rule"", ""scenario_family"": ""online"", ""style"": ""polite"", ""seed"": 362030045, ""language_name"": ""Georgian""}"
265,ka,"თუ პრობლემების თავიდან არიდება სპორტია, მე ჩემპიონი ვიქნებოდი—ხუმრობით.",humor,trust,"{""template_id"": ""hum_irony_v2"", ""scenario"": ""scheduling_conflict"", ""scenario_family"": ""family"", ""style"": ""laconic"", ""seed"": 607477545, ""language_name"": ""Georgian""}"
266,ka,long queueზე ზედმეტად რეაგირებ შენ; ჩემზე ნუ გადმოდებ ბრალს.,projection,sadness,"{""template_id"": ""proj_blame_v2"", ""scenario"": ""long_queue"", ""scenario_family"": ""online"", ""style"": ""conciliatory"", ""seed"": 685403155, ""language_name"": ""Georgian""}"
267,ka,"კარგი, task handoff-ს მივხედავ… ოდესმე.",passive_aggression,anger,"{""template_id"": ""pa_delay_v1"", ""scenario"": ""task_handoff"", ""scenario_family"": ""work"", ""style"": ""conciliatory"", ""seed"": 590213272, ""language_name"": ""Georgian""}"
268,ka,meeting overrun სტატისტიკურად მოსალოდნელ დიაპაზონშია.,intellectualization,anger,"{""template_id"": ""intel_stats_v1"", ""scenario"": ""meeting_overrun"", ""scenario_family"": ""work"", ""style"": ""curt"", ""seed"": 300194567, ""language_name"": ""Georgian""}"
269,ka,meeting overrun სტატისტიკურად მოსალოდნელ დიაპაზონშია.,intellectualization,anger,"{""template_id"": ""intel_stats_v1"", ""scenario"": ""meeting_overrun"", ""scenario_family"": ""work"", ""style"": ""laconic"", ""seed"": 146206781, ""language_name"": ""Georgian""}"
270,ka,"meeting overrun-ს მაგივრად, სკამზე საკითხს გავხსნი.",displacement,disgust,"{""template_id"": ""disp_shift_v2"", ""scenario"": ""meeting_overrun"", ""scenario_family"": ""work"", ""style"": ""neutral"", ""seed"": 549746660, ""language_name"": ""Georgian""}"
271,ka,"თუ პრობლემების თავიდან არიდება სპორტია, მე ჩემპიონი ვიქნებოდი—ხუმრობით.",humor,sadness,"{""template_id"": ""hum_irony_v2"", ""scenario"": ""teammate_slacks"", ""scenario_family"": ""work"", ""style"": ""conciliatory"", ""seed"": 158345781, ""language_name"": ""Georgian""}"
272,ka,ეს სერიოზული არაა; device failure გადაჭარბებულია.,denial,surprise,"{""template_id"": ""deny_minimize_v1"", ""scenario"": ""device_failure"", ""scenario_family"": ""work"", ""style"": ""laconic"", ""seed"": 396517089, ""language_name"": ""Georgian""}"
273,ka,ეს სერიოზული არაა; last minute request გადაჭარბებულია.,denial,sadness,"{""template_id"": ""deny_optimism_v2"", ""scenario"": ""last_minute_request"", ""scenario_family"": ""work"", ""style"": ""curt"", ""seed"": 568422076, ""language_name"": ""Georgian""}"
274,ka,"კარგი, ახლავე რამეს გავაკეთებ unfair rule-თან დაკავშირებით.",acting_out,joy,"{""template_id"": ""act_now_v1"", ""scenario"": ""unfair_rule"", ""scenario_family"": ""online"", ""style"": ""neutral"", ""seed"": 352176200, ""language_name"": ""Georgian""}"
275,ka,task handoff სტატისტიკურად მოსალოდნელ დიაპაზონშია.,intellectualization,anger,"{""template_id"": ""intel_abstraction_v2"", ""scenario"": ""task_handoff"", ""scenario_family"": ""work"", ""style"": ""conciliatory"", ""seed"": 147948866, ""language_name"": ""Georgian""}"
276,ka,ახლა არა—ამაზე შემდეგ ვისაუბროთ.,suppression,disgust,"{""template_id"": ""supp_park_v2"", ""scenario"": ""overlooked_contrib"", ""scenario_family"": ""work"", ""style"": ""formal"", ""seed"": 200503528, ""language_name"": ""Georgian""}"
277,ka,"long queue-ს მაგივრად, სკამზე საკითხს გავხსნი.",displacement,anger,"{""template_id"": ""disp_shift_v2"", ""scenario"": ""long_queue"", ""scenario_family"": ""online"", ""style"": ""ironic"", ""seed"": 433519999, ""language_name"": ""Georgian""}"
278,ka,"კარგი, ახლავე რამეს გავაკეთებ awkward silence-თან დაკავშირებით.",acting_out,joy,"{""template_id"": ""act_now_v1"", ""scenario"": ""awkward_silence"", ""scenario_family"": ""work"", ""style"": ""neutral"", ""seed"": 216282698, ""language_name"": ""Georgian""}"
279,ka,უბრალოდ დრო არ იყო სწორი; task handoff ამიტომაც მოხდა.,rationalization,disgust,"{""template_id"": ""ratio_causal_v1"", ""scenario"": ""task_handoff"", ""scenario_family"": ""work"", ""style"": ""matter_of_fact"", ""seed"": 651892350, ""language_name"": ""Georgian""}"
280,ka,"კარგი, public criticism-ს მივხედავ… ოდესმე.",passive_aggression,trust,"{""template_id"": ""pa_delay_v1"", ""scenario"": ""public_criticism"", ""scenario_family"": ""online"", ""style"": ""conciliatory"", ""seed"": 196733563, ""language_name"": ""Georgian""}"
281,ka,ახლა არა—ამაზე შემდეგ ვისაუბროთ.,suppression,sadness,"{""template_id"": ""supp_defer_v1"", ""scenario"": ""teammate_slacks"", ""scenario_family"": ""work"", ""style"": ""formal"", ""seed"": 199382587, ""language_name"": ""Georgian""}"
282,ka,უბრალოდ დრო არ იყო სწორი; lost item ამიტომაც მოხდა.,rationalization,sadness,"{""template_id"": ""ratio_causal_v1"", ""scenario"": ""lost_item"", ""scenario_family"": ""online"", ""style"": ""neutral"", ""seed"": 94281353, ""language_name"": ""Georgian""}"
283,ka,"კარგი, public criticism-ს მივხედავ… ოდესმე.",passive_aggression,fear,"{""template_id"": ""pa_sarcasm_v2"", ""scenario"": ""public_criticism"", ""scenario_family"": ""online"", ""style"": ""neutral"", ""seed"": 649042328, ""language_name"": ""Georgian""}"
284,ka,ეს სერიოზული არაა; device failure გადაჭარბებულია.,denial,anger,"{""template_id"": ""deny_optimism_v2"", ""scenario"": ""device_failure"", ""scenario_family"": ""work"", ""style"": ""conciliatory"", ""seed"": 909289625, ""language_name"": ""Georgian""}"
285,ka,ახლა არა—ამაზე შემდეგ ვისაუბროთ.,suppression,anger,"{""template_id"": ""supp_defer_v1"", ""scenario"": ""supervisor_feedback"", ""scenario_family"": ""work"", ""style"": ""laconic"", ""seed"": 453469341, ""language_name"": ""Georgian""}"
286,ka,awkward silenceზე ზედმეტად რეაგირებ შენ; ჩემზე ნუ გადმოდებ ბრალს.,projection,surprise,"{""template_id"": ""proj_blame_v2"", ""scenario"": ""awkward_silence"", ""scenario_family"": ""work"", ""style"": ""neutral"", ""seed"": 990752774, ""language_name"": ""Georgian""}"
287,ka,ახლა არა—ამაზე შემდეგ ვისაუბროთ.,suppression,anger,"{""template_id"": ""supp_park_v2"", ""scenario"": ""awkward_silence"", ""scenario_family"": ""work"", ""style"": ""polite"", ""seed"": 604479743, ""language_name"": ""Georgian""}"
288,ka,"კარგი, vague instructions-ს მივხედავ… ოდესმე.",passive_aggression,disgust,"{""template_id"": ""pa_delay_v1"", ""scenario"": ""vague_instructions"", ""scenario_family"": ""work"", ""style"": ""ironic"", ""seed"": 80408199, ""language_name"": ""Georgian""}"
289,ka,noisy neighbor სტატისტიკურად მოსალოდნელ დიაპაზონშია.,intellectualization,sadness,"{""template_id"": ""intel_abstraction_v2"", ""scenario"": ""noisy_neighbor"", ""scenario_family"": ""family"", ""style"": ""curt"", ""seed"": 374862391, ""language_name"": ""Georgian""}"
290,ka,ეს სერიოზული არაა; overlooked contrib გადაჭარბებულია.,denial,disgust,"{""template_id"": ""deny_minimize_v1"", ""scenario"": ""overlooked_contrib"", ""scenario_family"": ""work"", ""style"": ""formal"", ""seed"": 907504827, ""language_name"": ""Georgian""}"
291,ka,"canceled plan-ს მაგივრად, სკამზე საკითხს გავხსნი.",displacement,trust,"{""template_id"": ""disp_shift_v2"", ""scenario"": ""canceled_plan"", ""scenario_family"": ""family"", ""style"": ""sarcastic"", ""seed"": 278777837, ""language_name"": ""Georgian""}"
292,ka,task handoff-დან ენერგიას პროცესის გაუმჯობესებაში გამოვიყენებ.,sublimation,trust,"{""template_id"": ""sub_goal_v2"", ""scenario"": ""task_handoff"", ""scenario_family"": ""work"", ""style"": ""neutral"", ""seed"": 299378194, ""language_name"": ""Georgian""}"
293,ka,meeting overrun-დან ენერგიას პროცესის გაუმჯობესებაში გამოვიყენებ.,sublimation,anticipation,"{""template_id"": ""sub_prosocial_v1"", ""scenario"": ""meeting_overrun"", ""scenario_family"": ""work"", ""style"": ""self_deprecating"", ""seed"": 574762337, ""language_name"": ""Georgian""}"
294,ka,"კარგი, ახლავე რამეს გავაკეთებ long queue-თან დაკავშირებით.",acting_out,anticipation,"{""template_id"": ""act_impulse_v2"", ""scenario"": ""long_queue"", ""scenario_family"": ""online"", ""style"": ""matter_of_fact"", ""seed"": 972431938, ""language_name"": ""Georgian""}"
295,ka,long queueზე ზედმეტად რეაგირებ შენ; ჩემზე ნუ გადმოდებ ბრალს.,projection,joy,"{""template_id"": ""proj_accuse_v1"", ""scenario"": ""long_queue"", ""scenario_family"": ""online"", ""style"": ""ironic"", ""seed"": 750890073, ""language_name"": ""Georgian""}"
296,ka,ambiguous email სტატისტიკურად მოსალოდნელ დიაპაზონშია.,intellectualization,sadness,"{""template_id"": ""intel_abstraction_v2"", ""scenario"": ""ambiguous_email"", ""scenario_family"": ""school"", ""style"": ""matter_of_fact"", ""seed"": 704674565, ""language_name"": ""Georgian""}"
297,ka,"unfair rule-ს მაგივრად, სკამზე საკითხს გავხსნი.",displacement,surprise,"{""template_id"": ""disp_proxy_v1"", ""scenario"": ""unfair_rule"", ""scenario_family"": ""online"", ""style"": ""matter_of_fact"", ""seed"": 639880329, ""language_name"": ""Georgian""}"
298,ka,"კარგი, ახლავე რამეს გავაკეთებ task handoff-თან დაკავშირებით.",acting_out,surprise,"{""template_id"": ""act_now_v1"", ""scenario"": ""task_handoff"", ""scenario_family"": ""work"", ""style"": ""conciliatory"", ""seed"": 749029597, ""language_name"": ""Georgian""}"
299,ka,ახლა არა—ამაზე შემდეგ ვისაუბროთ.,suppression,trust,"{""template_id"": ""supp_defer_v1"", ""scenario"": ""noisy_neighbor"", ""scenario_family"": ""family"", ""style"": ""neutral"", ""seed"": 630042315, ""language_name"": ""Georgian""}"
300,ka,"კარგი, teammate slacks-ს მივხედავ… ოდესმე.",passive_aggression,anticipation,"{""template_id"": ""pa_delay_v1"", ""scenario"": ""teammate_slacks"", ""scenario_family"": ""work"", ""style"": ""polite"", ""seed"": 846573968, ""language_name"": ""Georgian""}"
